ID,Subset,Question,Translated Question,Options,Translated Options,Label,Category,Image Type,Image Source,License,image_path,tag
5920593854272599305_1,"('Tamil', 'India')",படத்தில் எத்தனை சுவைகள் காணப்படுகின்றன?,How many flavors of the dessert are seen in the image?,['7' '3' '9' '5'],['7' '3' '9' '5'],-1,Cooking and food,External,"https://commons.wikimedia.org/wiki/File:Faluda_at_Juhu_Beach,_Mumbai.jpg",CC BY-SA 4.0,image_20.jpg,"beverage, bottle, bubble tea, case, color, container, cup, drink, fill, flavor, food, fruit, juice, liquid, milkshake, shake, showcase, straw, tray, umbrella"
5865925794273878684_2,"('Romanian', 'Romania')",Din ce material sunt făcute bluzele din imagine?,What material are the blouses in the picture made of?,['bumbac' 'mătase' 'lână' 'in'],['cotton' 'silk' 'wool' 'linen'],-1,Traditions / art / history,Self,Self-open,CC BY-SA,image_26.jpg,"case, clothing, costume, display, dress, garment, mannequin, museum, showcase, wear"
5865687724278338226_1,"('Bengali', 'India')",বাম পাশের লাল রঙের সব্জি টি কি?,What is the red coloured vegetable on the left side?,['আলু' 'আদা' 'পেঁয়াজ' 'রসুন'],['Potato' 'Ginger' 'Onion' 'Garlic'],-1,Cooking and food,Self,Self-open,CC BY-SA,image_38.jpg,"basket, lamp, floor, garlic, man, market, onion, potato, produce, vegetable"
5865687724271272925_2,"('Bengali', 'India')",ডান পাশের সবুজ রঙের সব্জি টি কি?,What is the green coloured vegetable on the right?,['পেঁপে' 'কুমড়া' 'সবুজ আপেল' 'পেয়ারা'],['Papaya' 'Pumpkin' 'Green Apple' 'Guava'],-1,Cooking and food,Self,Self-open,CC BY-SA,image_43.jpg,"array, eggplant, avocado, bell pepper, carrot, courgette, daikon, floor, fruit, green, kitchen floor, lay, lime, onion, pepper, produce, squash, turnip, vegetable"
5865925804275165806_1,"('Romanian', 'Romania')",In ce sărbători se manâncă această mâncare?,In what holidays is this food eaten?,['Anul nou' 'Sfânta Maria' 'Crăciun' 'Paște'],['New Year' 'Saint Mary' 'Christmas' 'Easter'],-1,Cooking and food,Self,Self-open,CC BY-SA,image_44.jpg,"bread, cheese, counter top, couple, table, food, gas stove, home appliance, kitchen counter, kitchenware, napkin, oven, pastry, pie, quiche, sit, stove, tablecloth, tray"
5865910684273870573_0,"('Chinese', 'China')",这是什么建筑？,What kind of building is this?,['白金汉宫' '布达拉宫' '卢浮宫' '水晶宫'],['Buckingham Palace' 'Potala Palace' 'Louvre' 'Crystal palace'],-1,Geography / buildings / landmarks,External,https://www.flickr.com/photos/cnxjj/218533092/in/photolist-kj3gW-5jidCF-5jijCR-5jnD3m-5ji5De-5jnxTC-5jnwTu-5jntdd-5jinZv-5jnE9b-5jnriC-5ji4MV-5jnpBb-5jnuVf-5jnoNL-5jibDH-5jnsh7-5jnyHA-5jnzM5-5jipan-5jiiwi-bzzzP5-5ji89H-nK4N4Y-etnoVh-fqg8yB-6ZJ5pS-6ZE4HM-2jbE1uk-6ZJ5x9-2iUscC2-aCzKRa-aCzBHi-cWCqx9-cWBWuh-cWCrzm-cWCvmd-9VPA5n-cWBZGb-cWCsFy-cWBY3G-cWBC31-cWBXtL-cWCubb-cWCtyE-cWCwm5-cWCo5N-cWCxa7-cWBv13-6mWW68,Attribution-NoDerivs License,image_49.jpg,"monastery, blanket, building, hill, hillside, loom, mountain, palace, sky, snowy, white"
5920593834278496132_1,"('Tamil', 'India')",இந்த நபர்கள் எந்த துறையில் வேலை செய்கிறார்கள்?,What industry do these individuals work in?,['பத்திரிகை' 'கொள்கை உருவாக்கம்' 'தொழில்நுட்பம்' 'சினிமா'],['Journalism' 'Policy Making' 'Technology' 'Cinema'],-1,Public Figure and pop culture,External,"https://commons.wikimedia.org/wiki/File:Rajinikanth,_Kamal_Haasan_and_Ilaiyaraaja_At_The_Nadigar_Sangam_Protest.jpg",CC BY-SA 3.0,image_54.jpg,"actor, event, person, launch, man, stand"
5865925804277230669_1,"('Romanian', 'Romania')",Ce reprezintă obiectele din imagine?,What do the objects in the image represent?,['cai' 'urși' 'capre' 'păpuși'],['horses' 'bears' 'goats' 'dolls'],-1,Traditions / art / history,Self,Self-open,CC BY-SA,image_56.jpg,"bag, bulletin board, cloth, display, floor, plaque, room, showcase"
5920593834276157822_0,"('Tamil', 'India')",படத்தில் காட்டப்பட்டுள்ள மும்முனைப் பொருள் என்ன அழைக்கப்படுகிறது?,What is the three-way pointed thing shown in the image called?,['முக்கோணம்' 'குத்து' 'திரிசூலம்' 'அம்பு'],['Triangle' 'Dagger' 'Trident' 'Arrow'],-1,Traditions / art / history,Self,Self-open,CC BY-SA,image_58.jpg,"antler, campfire, trumpet, floor, grill, iron, pitchfork, pot, rake, sand, stick, tool"
5865910664277614074_1,"('Chinese', 'China')",图中的这个地标和什么事件有关？,Which event is this landmark related to?,['北京奥运会' '上海世博会' '深圳大运会' '香港赛马会'],"['Beijing Olympics' 'Shanghai Expo' 'Universiade Shenzhen'
 'Hong Kong Jockey Club ']",-1,Geography / buildings / landmarks,Self,Self-research_only,CC BY-NC,image_61.jpg,"building, pillar, sea, pole, tower, rail, red, rocket, sculpture, sky, tube"
5920593854274960595_1,"('Tamil', 'India')",வண்டி என்ன சுமந்து செல்கிறது?,What is the cart carrying?,['புல்' 'சாக்குகள்' 'பயணிகள்' 'மரக்கட்டைகள்'],['Grass' 'Sacks' 'Passengers' 'Lumber'],-1,Vehicles and Transportation,External,https://commons.wikimedia.org/wiki/File:Kolhapur_(4166401087).jpg,CC BY 2.0,image_67.jpg,"attach, blanket, bull, car, coach, cart, cattle, city street, cow, donkey, draw, drive, horse cart, license plate, man, pull, road, street scene, wagon, white"
5865910674271181211_1,"('Chinese', 'China')",这种艺术起源于哪个朝代？,In which dynasty did this art originate?,['汉朝' '唐朝' '明朝' '清朝'],['Han Dynasty' 'Tang Dynasty' 'Ming Dynasty' 'Qing Dynasty'],-1,Traditions / art / history,External,https://www.flickr.com/photos/univers-finder/20963063158/in/photolist-xWrbkq-7zR4WR-7zR5EM-7zURQ7-y5JygW-yeJuB2-64gTPt-6dYFhr-64ACoz-64kWtS-64kYuq-64BaVK-6e3SvA-y8Joav-86pDUA-7QLZqf-zrCXrX-86mjhP-86ptB5-7QLYbj-7QHFy8-86pFxE-86mipM-7QHGLv-ybHVZw-xh2kkG-xhamDg-64h3Bn-vomdPj-64Bbjw-64wUkR-64wWPt-64Bf89-64h1q2-64Bgmj-64gLT6-xJE7j7-xJDWnd-u4uaY2-86mwbg-z9bc3C-64F8cf-64BhBo-uHKwG3-z9ghkH-vugApy-u4jHHf-uY1Hsf-64m6xw-vsv7NE,Attribution-NonCommercial License,image_73.jpg,"act, actor, costume, dance, dancer, dress, festival, garment, headdress, person, instrument, man, perform, performance, traditional, woman"
5865687704275860878_1,"('Bengali', 'India')",ছবিতে দেখানো বোর্ডের সাথে এক সময়ে সর্বোচ্চ কতজন লোক খেলতে পারে?,Maximum how many people can play with the board in the image at a time?,['চার' 'এক' 'দুই' 'আট'],['Four' 'One' 'Two' 'Eight'],-1,Sports and recreation,External,https://upload.wikimedia.org/wikipedia/commons/thumb/4/4e/Ludo-2.jpg/640px-Ludo-2.jpg,Attribution,image_78.jpg,"board game, color, design, journal, maze, pattern, puzzle, quilt, square"
5865925804275544378_2,"('Romanian', 'Romania')",Cu ce este încălțat omul din imagine?,What shoes does the person in the picture have?,['sandale' 'șosete' 'opinci' 'cizme'],['sandals' 'socks' 'opinci' 'boots'],-1,Traditions / art / history,Self,Self-open,CC BY-SA,image_98.jpg,"artifact, cane, costume, display, dress, garment, man, museum, room, showcase, stand"
5865925804277746579_0,"('Romanian', 'Romania')",În ce oraș este făcută imaginea?,In which city is the image taken?,"['Sinaia, România' 'Suceava, România' 'Brașov, România'
 'Hunedoara, România']","['Sinaia, Romania' 'Suceava, Romania' 'Brasov, Romania'
 'Hunedoara, Romania']",-1,Geography / buildings / landmarks,Self,Self-open,CC BY-SA,image_112.jpg,"building, castle, city wall, fort, medieval, moat, tower, scaffold"
5865925784271117073_0,"('Romanian', 'Romania')",Care este numele acestei obicei tradițional?,What is the name of this traditional custom?,['Carnaval' 'Jocul cu capra' 'Joacă' 'Horă'],['Carnival' 'Goat play' 'Play' 'Dance'],-1,Traditions / art / history,External,https://upload.wikimedia.org/wikipedia/commons/6/68/Frumosu%2C_Suceava%2C_31.12.2011_-_Capra_%281%29.jpg,CC BY-SA 4.0,image_122.jpg,"alley, wand, blanket, boot, coat, decorate, dress, person, man, maraca, quilt, stand, walk, wear, woman"
5865925794279226560_0,"('Romanian', 'Romania')",Cum se numește acest desert?,What is the name of this dessert?,['Cozonac' 'Gogoașă' 'Clătită' 'Plăcintă'],['Sweet bread' 'Donut' 'Crepe' 'Pie'],-1,Cooking and food,External,https://upload.wikimedia.org/wikipedia/commons/e/e1/Cozonac4.JPG,GFDL,image_124.jpg,"banana bread, bread, cake, chocolate cake, table, plate, food, napkin, nut, pastry, platter, sit, slice, sprinkle, tablecloth, topping, tray"
5920593844271777115_2,"('Tamil', 'India')",படத்தில் சாப்பாட்டுடன் தொட்டுவதற்கு எந்த உணவு காணப்படுகிறது?,Which complementary items are seen in the image?,['வெண்ணெய்' 'தக்காளி சட்னி' 'தயிர்' 'தேங்காய் சட்னி'],['Butter' 'Tomato Chutney' 'Yogurt' 'Coconut Chutney'],-1,Cooking and food,Self,Self-open,CC BY-SA,image_132.jpg,"bowl, burrito, condiment, table, dinning table, dip, plate, food, guacamole, meal, napkin, platter, salsa, sauce, silverware, soup, tortilla, tray, utensil, white"
5865910684271696881_0,"('Chinese', 'China')",这个标志性建筑物是什么？,What is the landmark buildings?,['广州塔' '虎丘塔' '大雁塔' '雷峰塔'],['Guangzhou Tower' 'Huqiu Tower' 'Da-Yan Tower' 'Leifeng Pagoda'],-1,Geography / buildings / landmarks,External,https://www.flickr.com/photos/13523064@N03/5233266783/in/photolist-8YrRTD-8YrPft-8YhMg4-8YhJeV-8YhGEP-9sQwCM-8YhKRe-93GxkD-93GxPX-93KCkm-93KBXj-93KBV9-93GxG4-93KC19-93GxxX-93KEem-93Gyoa-93GzwD-93KCBA-93GzSX-93Gybg-93KCvy-LygXxx-AtBjvJ-ALdjyZ-bWaSGu-93KEjG-93GA9a-93GyDV-93GyT8-93KD6y-93KDVU-fVH1JZ-zPjMak-pRyAwf-pRyM7d-pz6rcS-oUCTZW-pyZKzp-oUCZsE-oUCWDJ-zPbFLm-pq2PpP-ef3QAK-aK8hpe-aK99ce-gHmgv6-GR4gjN-brTw2e-dW3VX4,Attribution-ShareAlike License,image_136.jpg,"building, color, light, illuminate, night, night view, tower"
5865687724279670501_1,"('Bengali', 'India')",এই খাবারে প্রধানত কোন উপাদান ব্যবহার করা হয়?,What ingredient is mainly used in this food?,['টমেটো' 'পেঁপে' ' পনির' 'মিষ্টিকুমড়া'],['Tomato' 'Papaya' 'Indian Cottage Cheese' 'Pumpkin'],-1,Cooking and food,Self,Self-open,CC BY-SA,image_137.jpg,"bowl, condiment, table, plate, food, fruit, pepper, pickle, salsa, sauce, tomato, tomato sauce"
5865910694274374769_1,"('Chinese', 'China')",图中的这种运动在中国通常流行于哪个年龄阶段？,At what age group is the sport in the picture usually popular in China?,['儿童' '年青人' '青少年' '中老年人'],['Children' 'Youth people' 'Teenagers' 'Middle-aged and elderly people'],-1,People and everyday life,External,https://www.flickr.com/photos/101847634@N05/9762416746/in/photolist-fSEWo7-TnPbPy-aX9QLT-fSFzC4-4bUmp9-21JNkNb-9swN3-7uRjAr-dHb249-fADE9R-kJi91K-p8c9SX-2eEtBfw-ifkxDY-beAzhc-cvNtes-8umj9K-fFGWcM-XiTwPn-jgPck3-euPw5z-dofHVn-23FcgxN-grV6G8-HBXub-eDKSfQ-aeMBZZ-i4yBuo-HC4xP-jr6gy4-avQU66-nSFiHH-aeQzh9-2p23T1t-dB17rh-2obBhKE-zRVvd-7LQtmY-2ydPDJ-dH5F9n-ekrg9L-ekkvTn-ekrg67-ekrfPG-98LaUB-8LRmR2-fEZu1J-998Lhf-25QPN3o-53mDcd,Attribution License,image_147.jpg,"car, child, dance, person, karate, man, martial, park, pavement, practice, woman, youth"
5865925804271807580_0,"('Romanian', 'Romania')",Ce fel de mâncare este în imagine?,What food is in the picture?,['mici' 'gogoși' 'pârjoale' 'sarmale'],['mici' 'donuts' 'meatballs' 'stuffed cabbage rolls'],-1,Cooking and food,Self,Self-open,CC BY-SA,image_155.jpg,"table, plate, dumpling, food, fork, meat, pastry, white"
5920593834275139325_0,"('Tamil', 'India')",நடுவில் உள்ள வெள்ளை நிற காய்கறி எது?,What is the white vegetable in the middle?,['இஞ்சி' 'உருளைக்கிழங்கு' 'பூண்டு' 'வெங்காயம்'],['Ginger' 'Potato' 'Garlic' 'Onion'],-1,Cooking and food,Self,Self-open,CC BY-SA,image_162.jpg,"basket, lamp, floor, garlic, man, market, onion, potato, produce, vegetable"
5865687724271203845_1,"('Bengali', 'India')",চিত্রে দেখানো তিন দিক নির্দেশিত জিনিস দ্বারা সাধারণত কোন দেবতাকে বোঝানো হয়?,Which god is usually signified by the three way pointed thing shown in the image?,['ব্রহ্মা' 'কৃষ্ণ' 'শিব' 'বিষ্ণু'],['Brahma' 'Krishna' 'Shiva' 'Vishnu'],-1,Traditions / art / history,Self,Self-open,CC BY-SA,image_164.jpg,"antler, campfire, trumpet, floor, grill, iron, pitchfork, pot, rake, sand, stick, tool"
5865687704278461802_1,"('Bengali', 'India')",ছবিতে দেখানো দেবতাকে কীভাবে পূজা করা হয়?,How is the deity depicted in the picture worshipped as?,['জ্ঞানের দেবী' 'স্বাস্থ্যের দেবী' 'স্থাপত্যের দেবী' 'সাপের দেবী'],"['Goddess of knowledge' 'Goddess of health' 'Goddess of architecture'
 'Goddess of Snakes']",-1,Traditions / art / history,Self,Self-open,CC BY-SA,image_168.jpg,"deity, doll, figurine, footstall, person, sculpture, shrine, statue, sword, temple, toy, worship"
5865925784279964415_2,"('Romanian', 'Romania')",Cum îsi pedepsea dușmanii acest personaj istoric?,How was this historical character punishing his enemies?,['Inchisoare' 'Tras în țeapă' 'Nimic' 'Decapitare'],['Prison' 'Empelling' 'Nothing' 'Beheading'],-1,Traditions / art / history,External,https://upload.wikimedia.org/wikipedia/commons/a/af/Vlad_Tepes_002.jpg,Public domain,image_177.jpg,"beard, commander, crown, drawing, garment, headdress, person, man, painter, pearl, portrait, red, sword, wear"
5865925794279190088_1,"('Romanian', 'Romania')",Ce este clădirea cu coloane din centrul imaginii?,What is the columned building in the center of the picture?,['hotel' 'primărie' 'teatru' 'restaurant'],['hotel' 'city hall' 'theater' 'restaurant'],-1,Geography / buildings / landmarks,Self,Self-open,CC BY-SA,image_197.jpg,"building, city, city square, rink, plaza, road, street corner, street scene, town square, umbrella"
5920593834271482095_2,"('Tamil', 'India')",வலது பக்கம் வெள்ளை நிற உணவு எது?,What is the white food on the right?,['வள்ளிக்கிழங்கு' 'உருளைக்கிழங்கு' 'ஜிக்காமா' 'கொய்யா'],['Sweet Potato' 'Potato' 'Jicama' 'Guava'],-1,Cooking and food,Self,Self-open,CC BY-SA,image_202.jpg,"basket, bean, floor, food, fruit, ginger, green, market, onion, pea, potato, produce, sweet, vegetable, woman"
5920593844273453171_2,"('Tamil', 'India')",தண்ணீர் குளத்தை மக்கள் எதற்காக பயன்படுத்துவார்கள்?,What do people use the water pool for?,['குளித்தல்' 'கழுவுதல்' 'குடித்தல்' 'சுத்தம் செய்தல்'],['Bathing' 'Ablution' 'Drinking' 'Cleaning'],-1,Geography / buildings / landmarks,External,https://commons.wikimedia.org/wiki/File:India_-_Delhi_Jama_masjid_-_5142.jpg,CC BY-SA 3.0,image_204.jpg,"building, floor, fountain, person, man, mosque, pilgrim, pool, prayer, robe, sit, structure, tomb, water, worship"
5865925794272686567_1,"('Romanian', 'Romania')",Din carnea cărui animal este făcut acest cârnaț?,The meat of what animal is this sausage made of?,['Vacă' 'Pui' 'Porc' 'Crevete'],['Beef' 'Chicken' 'Pork' 'Shrimp'],-1,Cooking and food,External,https://upload.wikimedia.org/wikipedia/commons/c/c7/-2021-07-24_Sliced_Black_pudding_sausage%2C_Trimingham%2C_Norfolk.JPG,CC BY-SA 4.0,image_223.jpg,"eggplant, food, marble, purple, slice"
5865925794273297282_2,"('Romanian', 'Romania')",Ce sunt obiectele roz de pe lac?,What are the pink objects on the lake?,['bărci cu vâsle' 'bărci cu pedale' 'caiacuri' 'biciclete'],['rowing boats' 'boats with pedals' 'kayaks' 'bikes'],-1,Geography / buildings / landmarks,Self,Self-open,CC BY-SA,image_224.jpg,"boat, building, canoe, flamingo, float, kayak, lake, park, pink, pond, raft, river, water, waterway"
5865910684279061383_0,"('Chinese', 'China')",这是什么传统文化？,Is this a traditional culture?,['京剧' '角色扮演' '越剧' '黄梅戏'],['Beijing Opera' 'Cosplay' 'Shaoxing Opera' 'Huangmei Opera'],-1,Traditions / art / history,External,https://www.flickr.com/photos/univers-finder/20963063158/in/photolist-xbaSAB-xWrbkq-7zR4WR-7zR5EM-zrCXrX-y5JygW-yeJuB2-6dYFhr-v1Bnov-64kWtS-64BaVK-y8Joav-86mjhP-7QLYbj-7QLZqf-7QHFy8-7QHGLv-86mipM-ybHVZw-7zURQ7-64gTPt-64ACoz-64kYuq-86pDUA-86pFxE-xh2kkG-xhamDg-z9bc3C-64h3Bn-vomdPj-64F8cf-7QLXuU-uHKwG3-z9ghkH-vugApy-u4jHHf-xJE7j7-uY1Hsf-xJDWnd-86mwbg-64Bbjw-64BhBo-64wUkR-64wWPt-64wY7F-64Bf89-64h1q2-64Bgmj-64gLT6,Attribution-NonCommercial License,image_225.jpg,"act, actor, costume, dance, dancer, dress, festival, garment, headdress, person, instrument, man, perform, performance, traditional, woman"
5865687704279286733_0,"('Bengali', 'India')",বাংলার এই বিখ্যাত ফুটবল ক্লাব কবে প্রতিষ্ঠিত হয়?,When was this famous bengal football club established? ,['১৯৯০ সালে ' '২১০০ সালে ' '২০১১ সালে ' '১৮৮৯ সালে '],['1990' '2100' '2011' '1889'],-1,Sports and recreation,External,https://upload.wikimedia.org/wikipedia/commons/thumb/8/8a/Mohun_Bagan_1911_IFA_shield_winning_team.jpg/640px-Mohun_Bagan_1911_IFA_shield_winning_team.jpg,Public domain,image_228.jpg,"boy, shield, child, head, man, photo, picture, pose, school uniform, stool, tie, uniform, wear"
5865925794277920096_0,"('Romanian', 'Romania')",Ce obiect este în centrul imaginii?,What object is in the center of the picture?,['o grămadă de lemne' 'copaci uscați' 'un om de zăpadă' 'o căpiță de fân'],['a pile of wood' 'dried trees' 'a snowman' 'hay'],-1,People and everyday life,Self,Self-open,CC BY-SA,image_232.jpg,"blanket, fence, field, floor, hay, hillside, hut, snow, snowy, straw, winter"
5920593834272648564_0,"('Tamil', 'India')",படத்தில் காட்டப்பட்டுள்ள பொருள் என்ன?,What is the object shown in the picture?,['திரிசூலம்' 'விளக்கு' 'புல்லாங்குழல்' 'மணி'],['Trident' 'Diya' 'Flute' 'Bell'],-1,Traditions / art / history,Self,Self-open,CC BY-SA,image_233.jpg,"attach, clock, ceiling, decorate, flower, hang, string, tree, wind chime"
5872166835347945312_1,"('Bengali', 'India')","কোন কার্যকলাপের জন্য, আমরা ছবিতে দেখানো পণ্য ব্যবহার করি?","For which activity, do we use the product shown in the picture ?",['ঘুমানো' 'ত্বকের যত্ন ' 'রান্না' 'গান গাওয়া  '],['Sleeping' 'Skin Care' 'Cooking' 'Singing'],-1,Brands / products / companies,Self,Self-open,CC BY-SA,image_242.jpg,"bag, chip, condiment, foil, food, package, potato chip, tomato sauce"
5865925794273878684_0,"('Romanian', 'Romania')",Ce poartă manechinele din imagine?,What are the mannequins in the picture wearing?,['costume populare' 'tricouri' 'rochii' 'cojoace'],['traditional costumes' 't-shirts' 'dresses' 'sheep skins'],-1,Traditions / art / history,Self,Self-open,CC BY-SA,image_244.jpg,"case, clothing, costume, display, dress, garment, mannequin, museum, showcase, wear"
5872166835347945312_0,"('Bengali', 'India')",ছবিতে দেখানো পণ্যের বিষয়বস্তুর স্বাদ কেমন?,What is the taste of the contents of the product shown in the image?,['টক' 'লবণাক্ত' 'মিষ্টি' 'ঝাল'],['Sour' 'salty' 'sweet' 'Hot'],-1,Brands / products / companies,Self,Self-open,CC BY-SA,image_254.jpg,"bag, chip, condiment, foil, food, package, potato chip, tomato sauce"
5865910664276203394_0,"('Chinese', 'China')",这是什么动物？,what animal is this？,['野鸭子' '朱鹮' '白腹锦鸡' '火烈鸟'],"['Nobako' 'Crested Ibis' ""Lady Amherst's pheasant"" 'Flamingo']",-1,Plants and animal,External,https://www.flickr.com/photos/andy_li/3483634324/in/photolist-6iQx7L-5jfNPQ-5CDv8Y-5Czbbt-5CDukL,Attribution-ShareAlike License,image_262.jpg,"beak, bill, bird, crane, food, gray, red, stand, stork, water, water bird, white"
5865925804272758392_2,"('Romanian', 'Romania')",Ce poartă păpușile din imagine?,What are the dolls wearing in the picture?,['costume tradiționale' 'fân' 'rochii' 'măști de Halloween'],['traditional costumes' 'wheat' 'dresses' 'Halloween masks'],-1,Traditions / art / history,Self,Self-open,CC BY-SA,image_267.jpg,"chair, costume, display, doll, dress, floor, gift shop, hay, person, hut, man, sit, snow, stall, stool, store, storefront"
5865925794272686567_2,"('Romanian', 'Romania')",Care este ingredientul care dă culoarea roșie a acestui cârnaț?,What is the ingredient that gives the red color of this sausage?,['Roșie' 'Ketchup' 'Sfeclă' 'Sânge'],['Tomato' 'Ketchup' 'Beet' 'Blood'],-1,Cooking and food,External,https://upload.wikimedia.org/wikipedia/commons/c/c7/-2021-07-24_Sliced_Black_pudding_sausage%2C_Trimingham%2C_Norfolk.JPG,CC BY-SA 4.0,image_273.jpg,"eggplant, food, marble, purple, slice"
5865925794273959227_1,"('Romanian', 'Romania')",Carnea din această supă vine din ce organ a unui animal?,The meat in this soup is from what animal body part?,['Inimă' 'Plămân' 'Stomac' 'Ficat'],['Heart' 'Lung' 'Stomach' 'Liver'],-1,Cooking and food,External,https://upload.wikimedia.org/wikipedia/commons/f/f8/Details_of_tripe_soup_%28ishkembe%29.jpg,CC BY-SA 4.0,image_286.jpg,"bowl, cream, plate, dumpling, fill, food, liquid, soup, spoon, tablecloth, white"
5865910664273883825_0,"('Chinese', 'China')",这是什么传统艺术？,What kind of traditional art is this?,['皮影戏' '小玩偶' '机器人表演' '贴画'],['shadow play' 'small doll' 'robot show' 'stickers'],-1,Traditions / art / history,External,https://www.flickr.com/photos/alexrun/4217784053/in/photolist-BEwoB-7qHffH-7qHffD-7qHffr-7qH8WH-7qH8WK-7qHffn-7qHffK-538Db7-7qHffv-9b2TK3-9b2Uiu-9b2T9s-9b2Uth-9aYLgZ-9b2RT5-9b2ShU-9aYHYR-9aYK3K-9b2SUh-9b2U91-9aYM1Z-eNiobv-9b2S49-9b2SvQ-728k5m-7qGSEP-aeTm8k-bdLzf-kqt2Nc-9fZwxx-rQqxC-krRrw,Attribution-NoDerivs License,image_288.jpg,"armor, chariot, figurine, horse, horseback, rider, spear, man, miniature, ride, shop window, sword, warrior, window display"
5920593834271666248_0,"('Tamil', 'India')",படத்தில் இருக்கும் கட்டிடம் என்னவாக இருக்கும்? ,What would be the structure in the picture?,['சர்ச்' 'ஷாப்பிங் மால்' 'கடிகார கோபுரம்' 'தொடர்வண்டி நிலையம்'],['Church' 'Shopping Mall' 'Clock Tower' 'Railway Station'],-1,Geography / buildings / landmarks,External,https://commons.wikimedia.org/wiki/File:Chennai_Central.jpg,CC BY-SA 2.0,image_292.jpg,"clock, bell tower, building, church, city, plaza, tower, red, spire, town square"
5865910674272256090_0,"('Chinese', 'China')",图中是一种近年来在中国流行的休闲活动，请问它的名字是？,"This is a recent popular leisure activity in China, what is it name?",['围炉煮茶' '功夫茶' '烤地瓜' '糖炒栗子'],"['Cooking tea by the fire' 'Kung-fu tea' 'Roasted Sweet Potato'
 'Roasted chestnuts with sugar']",-1,Cooking and food,Self,Self-research_only,CC BY-NC,image_303.jpg,"blanket, campfire, chestnut, coffee, cotton candy, cup, fire pit, food, grill, hot, person, kitchenware, liquid, nut, pastry, pot, stool, tea pot, treat"
5865687724276424298_1,"('Bengali', 'India')",এটা কি ধরনের রসগুল্লা?,What type of Rasgulla is it?,['কমলা' ' সাধারণ' 'গুড়' 'আম'],['Orange' 'Normal' 'Jaggery' 'Mango'],-1,Cooking and food,Self,Self-open,CC BY-SA,image_309.jpg,"bean, bowl, garbanzo, condiment, container, floor, food, kitchen counter, kitchen floor, kitchenware, liquid, nut, pan, pot, potato"
5920593854277284359_1,"('Tamil', 'India')",படத்தில் காட்டப்பட்டுள்ள உணவின் பெயர் என்ன?,What is the name of the food item shown in the image?,['ஜவ்வரிசி உப்மா' 'அவல் உப்மா' 'அல்வா' 'ரவா உப்மா'],['Sabudana Khichdi' 'Poha' 'Halwa' 'Upma'],-1,Cooking and food,External,https://commons.wikimedia.org/wiki/File:Pearl_Tapioca_Khichdi.jpg,CC BY-SA 4.0,image_329.jpg,"bean, plate, fill, food, frying pan, herb, kitchenware, mixture, onion, pan, parsley, pea, pot, rice, vegetable"
5865910664278138109_0,"('Chinese', 'China')",这是什么虎种类？,What kind of tiger is this?,['马来亚虎' '华南虎' '东北虎' '孟加拉虎'],['Malayan tiger' 'South china tiger' 'Siberian tiger' 'Bengal tiger'],-1,Plants and animal,External,https://www.flickr.com/photos/tigerch/2721266219/in/photolist-7H8rWo-4D2XwE-5pvRtg-59tcD6,Attribution-NoDerivs License,image_358.jpg,"animal, bengal tiger, brush, enclosure, floor, habitat, stone, rocky, terrain, tiger, walk"
5920593834279086633_1,"('Tamil', 'India')",பகுதியின் மையத்திற்கு மேலே உள்ள குவிமாடத்தில் இருந்து என்ன தொங்கிக்கொண்டிருக்கிறது?,What is hanging from the dome above the centre of the area?,['லன்டர்ன்' 'விளக்கெண்ணெய்' 'சரவிளக்கு' 'பல்பு'],['Lantern' 'Lamp oil' 'Chandelier' 'Light bulb'],-1,Traditions / art / history,External,https://www.flickr.com/photos/bradfordcoy/6427650555/,Attribution-NoDerivs License,image_361.jpg,"archway, building, carpet, ceiling, chandelier, pillar, corridor, doorway, floor, fort, hall, person, man, mat, mosque, palace, prayer, relax, sit, tomb"
5865910664275364554_1,"('Chinese', 'China')",这是什么菩萨像？,What kind of Bodhisattva statue is this?,['地藏菩萨' '普贤菩萨' '文殊菩萨' '弥勒菩萨'],"['Ksitigarbha Bodhisattva' 'Samantabhadra' 'Manjusri Bodhisattva'
 'Maitreya Bodhisattva']",-1,Geography / buildings / landmarks,External,https://www.flickr.com/photos/kingmagic/2778902246/in/photolist-2mEhbXw-2mEiery-2mEeYgY-e4k7nx-2mEhb54-2mEeZDx-2zhmN7-5etwAn-2zhmNm-5exRxu-5eyw7m-2zdjAX-5euhCD-5eta4i-5etQgp-7Z1Zeu-e4qAd9-e4qkiC-5eyAPG-5etiQD-2zhmMW-5eu6jF-2zhmKo-5esCxx-5exCe7-5eswNM-5etGA2-5etMir-5exZTo-5eyhJJ,Attribution-NonCommercial-NoDerivs License,image_374.jpg,"buddha, catch, ceiling, pillar, deity, face, hand, person, sculpture, statue, temple, worship"
5879880098657959150_1,"('Bengali', 'India')",এই বিখ্যাত ব্যক্তিত্বের আসল নাম কি?,What is the original name of this famous personality ?,"['অরুণ কুমার চট্টোপাধ্যায়' 'আভাস কুমার গাঙ্গুলী' 'সুমন চট্টোপাধ্যায়'
 'প্রবোধ চন্দ্র দে']","['Arun Kumar Chattopadhyay' 'Abhas Kumar Ganguly' 'Suman Chattopadhyay '
 'Prabodh Chandra Dey']",-1,Public Figure and pop culture,External,https://upload.wikimedia.org/wikipedia/commons/7/79/Manna-dey.jpg,CC BY 2.0,image_388.jpg,"beret, cup, hat, instrument, man, microphone, sing, wear"
5865925794271932162_0,"('Romanian', 'Romania')",În ce oraș este făcută poza?,In which city is the picture taken?,['Sighișoara' 'Brașov' 'Cluj-Napoca' 'Sibiu'],['Sighisoara' 'Brasov' 'Cluj-Napoca' 'Sibiu'],-1,Geography / buildings / landmarks,Self,Self-open,CC BY-SA,image_391.jpg,"bell tower, building, christmas tree, church, city square, person, market square, mill, plaza, tower, sky, spire, square, stand, town, town square, walk"
5865925784279281645_1,"('Romanian', 'Romania')",Sub conducerea cui a fost făcută această clădire?,Under what leadership was this building made?,['Klaus Iohannis' 'Ion Iliescu' 'Mihai Viteazu' 'Nicolae Ceaușescu'],['Klaus Iohannis' 'Ion Iliescu' 'Mihai Viteazu' 'Nicolae Ceaușescu'],-1,Geography / buildings / landmarks,External,https://upload.wikimedia.org/wikipedia/commons/f/f0/Bucure%C5%9Fti_The_Presidential_Palace._May_1996_%283993876724%29.jpg,CC BY-SA 2.0,image_396.jpg,"building, car, city street, drive, fill, hotel, palace, park, road, street scene"
5865910664272109734_0,"('Chinese', 'China')",这是什么植物？,What plant is this?,['月季花' '金花茶' '喇叭花' '牵牛花'],['Rose flower' 'Golden camellia tea' 'Morning glory' 'Morning glory'],-1,Plants and animal,External,https://www.flickr.com/photos/nhq9801/9216112014/in/photolist-f3oZ21-4eWUEj,Attribution-NonCommercial-ShareAlike License,image_397.jpg,"bloom, bud, flower, grow, plant, tree, yellow"
5865925794275294220_2,"('Romanian', 'Romania')",Ce proces de gătire se folosește pentru a pregăti vegetala din acest aperitiv?,How is the vegetable cooked to make this spread?,['Coacere' 'Ardere' 'Fierbere' 'Inghețare'],['Frying' 'Burning' 'Boiling' 'Freezing'],-1,Cooking and food,External,https://upload.wikimedia.org/wikipedia/commons/d/db/Salat%C4%83_de_vinete.jpg,CC BY-SA 4.0,image_411.jpg,"bean, blue, cherry tomato, dip, plate, food, hummus, oatmeal, olive, onion, peak, pepper, platter, rice, tomato, topping"
5865910664272888749_0,"('Chinese', 'China')",这是什么动物？,What animal is this?,['藏野驴' '羚羊' '马' '鹿'],['Tibetan wild ass' 'Antelope' 'Horse' 'Deer'],-1,Plants and animal,External,https://www.flickr.com/photos/peripateticpurlieu/53091535859/in/photolist-2oStK89-2oSsEHo-2oSscfp-2oTxzyi-2oTvZVV-2oTxcUt,Attribution-NoDerivs License,image_413.jpg,"animal, brown, pony, dirt field, donkey, field, floor, horse, grass, grassy, green, lush, mule, open, patch, plain, stand, walk"
5865687714279195397_1,"('Bengali', 'India')",এই খিলান-সৌধ কোথায় অবস্থিত?,Where is this arch-monument located ?,['কোচবিহার' 'শিলিগুড়ি' 'মালদা' 'কলকাতা'],['Cooch Behar' 'Siliguri' 'malda' 'Kolkata'],-1,Geography / buildings / landmarks,External,https://upload.wikimedia.org/wikipedia/commons/thumb/3/38/Biswa_Bangla_Gate_01.jpg/640px-Biswa_Bangla_Gate_01.jpg,CC BY-SA 4.0,image_417.jpg,"amusement park, architect, building, design, motorbike, motorcycle, rain, scooter, structure"
5865687724276552869_1,"('Bengali', 'India')",এই গাড়িতে সাধারণত কতজন বসতে পারে?,How many can typically sit in this vehicle?,['২' '৪' '১' '৩'],['2' '4' '1' '3'],-1,Vehicles and Transportation,Self,Self-open,CC BY-SA,image_434.jpg,"attach, bicycle, building, coach, cart, couple, rickshaw, park, tricycle, umbrella"
5865925784271914592_2,"('Romanian', 'Romania')",În ce fel sunt scrise poveștile de pe pietrele funerare?,The stories on the headstones are written in what way?,['Supărat' 'Trist' 'Agitat' 'Umoristic'],['Angry' 'Sad' 'Agitated' 'Funny'],-1,Geography / buildings / landmarks,External,https://upload.wikimedia.org/wikipedia/commons/5/54/Cimitirul_Vesel_-_S%C4%83p%C3%A2n%C8%9Ba_-_detalii.JPG,CC BY-SA 4.0,image_437.jpg,"blue, graveyard, cross, decorate, grave, gravestone, mark, monument, plaque, shrine, sign, tomb, writing"
5865925804275165806_2,"('Romanian', 'Romania')",Cu ce este umplută mâncarea rotundă din imagine?,What is the round food in the picture filled with?,"['brânză și stafide' 'ciocolată și alune' 'stafide și alune'
 'cașcaval și usturoi']","['cheese and raisins' 'chocolate and hazelnuts' 'raisins and hazelnuts'
 'cheese and garlic']",-1,Cooking and food,Self,Self-open,CC BY-SA,image_447.jpg,"bread, cheese, counter top, couple, table, food, gas stove, home appliance, kitchen counter, kitchenware, napkin, oven, pastry, pie, quiche, sit, stove, tablecloth, tray"
5872177375341924825_2,"('Bengali', 'India')",বাংলা ক্যালেন্ডারের কোন মাসে এই উৎসব পালিত হয়?,In which month of the Bengali calender is this festval celebrated ?,['বৈশাখ' 'আষাঢ়' 'ভাদ্র' 'শ্রাবন'],"['Boisakh (First Month of Bengali Calender)'
 'Aashad (Third month of Bengali Calender)'
 'Bhadra (Fifth month of Bengali Calender)'
 'Shravan (Fourth Month of Bengali Calender)']",-1,Traditions / art / history,External,https://upload.wikimedia.org/wikipedia/commons/d/d4/Rath_Yatra_in_Munich_2020%2C_the_siblings_Balarama%2C_Subhadra_and_Lord_Jagannath_20200725_160916.jpg,CC BY-SA 4.0,image_454.jpg,"celebration, ceremony, decorate, deity, display, face, festival, mask, temple, worship"
5865925794276982658_1,"('Romanian', 'Romania')",Din ce material sunt făcute obiectele din imagine?,What material are the objects in the picture made of?,['lemn' 'argint' 'metal' 'lut'],['wood' 'silver' 'metal' 'clay'],-1,Objects / materials / clothing,Self,Self-open,CC BY-SA,image_460.jpg,"ceramic, pottery, plate, display, fill, shelf, shelve, showcase"
5865925804277572514_1,"('Romanian', 'Romania')",Câte geamuri are clădirea?,How many windows does the building have?,['șase' 'patru' 'trei' 'cinci'],['six' 'four' 'three' 'five'],-1,Geography / buildings / landmarks,Self,Self-open,CC BY-SA,image_465.jpg,"monastery, alley, building, church, courtyard, hillside, tower, tile roof, town, village"
5865925794278979337_1,"('Romanian', 'Romania')",În ce județ este făcută poza?,In which county is the picture taken?voronet ,"['București, România' 'Iași, România' 'Botoșani, România'
 'Suceava, România']","['Bucuresti, Romania' 'Iasi, Romania' 'Botosani, Romania'
 ' Suceava, Romania']",-1,Geography / buildings / landmarks,Self,Self-open,CC BY-SA,image_469.jpg,"monastery, blanket, building, chapel, church, floor, snow, snowy, spire, winter, worship"
5865910664272399419_0,"('Chinese', 'China')",这是什么名胜古迹？,What place of interest is this?,['嵩山' '泰山' '武夷山' '峨眉山'],['Mount Song' 'Mount Tai' 'Wuyi Mountains' 'Mount Emei'],-1,Geography / buildings / landmarks,External,https://www.flickr.com/photos/davxp/10360672165/in/photolist-gMx9SH-3nxmo-gMxaQf-gMxbrJ-gMxapz-gMy9sk-gMx9EP-gMxb3i-gMxcsb-gMxaVq-gMy8PB-gMxaVe-gMxajV-gMx9yM-gMy9dn-gMxcm9-gMxaLL-gMxayS-3nxdw-gMxaGD-gMxadH-gMxbmy-gMxaKe-gMxbrA-gMx9oM-3adRY6-gMy8UX-gMxauo-gMxbmV-gMxbs6-gMxcPf-gMxawD-gMx9YV-gMx9K8-gMxcaY-gMy8vR-GvRFi8-JCussd-PGTCQF-PGTDgR-JLvVkR-PGTE66-PDEzW9-2k1KM48-23987jW-PGTDeB-PGTC6K-Puau3o-Puauxm-PGTDLZ,Attribution-NonCommercial-NoDerivs License,image_480.jpg,"author, deity, footstall, person, palace, peak, place, plaza, sculpture, sky, statue, stupa, temple, worship"
5878705002119761083_2,"('Bengali', 'India')",এখানে কোন বিশ্ববিদ্যালয় অবস্থিত?,Which university is located here?,"['রবীন্দ্র ভারতী বিশ্ববিদ্যালয়' 'কলকাতা বিশ্ববিদ্যালয়'
 'যাদবপুর বিশ্ববিদ্যালয়' 'রাজাবাজার বিজ্ঞান কলেজ']","['Rabindra Bharati University' 'Calcutta University' 'Jadavpur University'
 'Rajabazar Science College']",-1,Geography / buildings / landmarks,External,https://upload.wikimedia.org/wikipedia/commons/0/06/Jorasanko_Thakur_Bari_-9.jpg,CC BY-SA 4.0,image_493.jpg,"building, hotel, lawn, lush, palace, pink, red"
5865925784277749313_1,"('Romanian', 'Romania')",Ce gen a scris personajul din imagine?,What genre did the person in the image write?,['Povești pentru copii' 'Poezie' 'Romane' 'Povești de groază'],['Fairy tales' 'Poetry' 'Novels' 'Horror stories'],-1,Public Figure and pop culture,External,https://upload.wikimedia.org/wikipedia/commons/d/dc/Eminescu.jpg,Public domain,image_494.jpg,"black, bow tie, cocktail dress, man, photo, portrait, suit, tie, wear, white"
5920593854279047535_2,"('Tamil', 'India')",இந்த கோவிலுடன் எந்த விண்ணுலகம் தொடர்புடையது?,Which celestial entity is associated with this temple?,['சந்திரன்' 'சூரியன்' 'வியாழன்' 'சனி'],['Moon' 'Sun' 'Jupiter' 'Saturn'],-1,Traditions / art / history,External,"https://commons.wikimedia.org/wiki/File:Artwork_of_Chariot_wheels_and_sculptures_in_Konark_Sun_temple,_Odisha_26.jpg",CC BY-SA 4.0,image_503.jpg,"ancient, wall, building, carve, chariot, pillar, rail, stone carving, temple, wagon wheel, wheel"
5865910664277576057_1,"('Chinese', 'China')",图中的菜是用什么食材制作的？,What ingredients are used to make the dishes in the picture?,['羊肉和馍' '面条' '鸡肉和馍' '牛肉和面条'],"['Lamb and steamed buns' 'Noodles' 'Chicken and steamed buns'
 'Beef and noodles']",-1,Cooking and food,Self,Self-research_only,CC BY-NC,image_504.jpg,"blue, bowl, broth, chopstick, table, plate, dumpling, fill, food, pea, potato, sauce, soup, soup bowl, stew"
5865687714272866154_1,"('Bengali', 'India')",ছবিতে কোন ধরনের বাদ্যযন্ত্র দেখানো হয়েছে?,What type of musical instrument is shown in the image?,['বায়ু যন্ত্র' 'ঝিল্লি যন্ত্র' 'তার যন্ত্র' 'বৈদ্যুতিক যন্ত্র'],"['Wind Instrument' 'Membrane Instrument' 'String Instrument'
 'Electric Instrument']",-1,Traditions / art / history,External,https://upload.wikimedia.org/wikipedia/commons/thumb/3/39/Sitar%2C_late_19th_Century.jpg/640px-Sitar%2C_late_19th_Century.jpg,CC0,image_506.jpg,"flute, mouth organ, instrument, music, string"
5878673472114776698_1,"('Bengali', 'India')",এই ব্যক্তির ছদ্মনাম কি?,What is the pen name of this person ?,['ভানুসিংহ' 'অনিলা দেবী' 'কাব্যসম্রাট' 'কমলাকান্ত'],['Bhanu Singha' 'Anila Devi' 'kabyasamrat' 'Kamalakanta'],-1,Public Figure and pop culture,External,https://upload.wikimedia.org/wikipedia/commons/2/2c/Bankimchandra_Chattapadhay.jpg,Public domain,image_509.jpg,"headscarf, black, hat, head, person, man, photo, portrait, preacher, robe, wear, white"
5920593844277598170_1,"('Tamil', 'India')",சித்தரிக்கப்பட்டுள்ள உணவின் சுவை என்ன?,What is the flavor profile of the food depicted in the image?,['கார்ப்பு' 'கசப்பு' 'இனிப்பு' 'புளிப்பு'],['Sour' 'Bitter' 'Sweet' 'Spicy'],-1,Cooking and food,Self,Self-open,CC BY-SA,image_522.jpg,"biscuit, bowl, chip, cloth, container, table, plate, fill, food, pink, snack, tablecloth"
5865687714273886805_1,"('Bengali', 'India')",ছবিতে দেখানো ব্যক্তিটি কোন সালে নোবেল পুরস্কার জিতেছিলেন?,"In which year, did the person in the image won a nobel prize?",['১৯১৫' '১৯১৬' '১৯১৪   ' '১৯১৩       '],['1915' '1916' '1914' '1913'],-1,Public Figure and pop culture,External,https://flic.kr/p/2ppX6M4,Attribution-NonCommercial-NoDerivs License,image_529.jpg,"beard, hand, hair, man, photo, robe, white"
5920593844274743996_2,"('Tamil', 'India')",இந்த பாரம்பரிய விளையாட்டின் பெயர் என்ன?,What is the name of this traditional sport?,['கில்லி-தண்டு/கிட்டிப்புள்' 'கபடி' 'ஜல்லிக்கட்டு' 'கோ கோ'],['Gilli Danda' 'Kabaddi' 'Jallikattu' 'Kho Kho'],-1,Sports and recreation,External,https://commons.wikimedia.org/wiki/File:Jallikattu_Game.jpg,CC BY-SA 4.0,image_532.jpg,"arena, bull, dirt field, dirt track, fall, floor, person, man, mud, play, shirt, wrestle"
5879915848653467764_1,"('Bengali', 'India')",ভারতের কোন বিখ্যাত প্রযুক্তি ও গবেষণা প্রতিষ্ঠান এই ব্যক্তি প্রতিষ্ঠা করেছিলেন?,Which renowned technical and research institution in India was founded by this person ?,"['ইন্ডিয়ান ইনস্টিটিউট অফ সায়েন্স, বেঙ্গালুরু'
 'ইন্ডিয়ান ইনস্টিটিউট অফ টেকনোলজি, খড়গপুর'
 'ভারতীয় পরিসংখ্যান ইনস্টিটিউট, কলকাতা'
 'ভারতীয় পরিসংখ্যান ইনস্টিটিউট, বেঙ্গালুরু']","['Indian Institute of Science, Bengaluru'
 'Indian Institute of Technology, Kharagpur'
 'indian statistical institute, kolkata'
 'indian statistical institute, bangalore']",-1,Public Figure and pop culture,External,https://upload.wikimedia.org/wikipedia/commons/a/a3/%E0%A4%AA%E0%A5%8D%E0%A4%B0%E0%A4%B8%E0%A4%A8%E0%A5%8D%E0%A4%A4_%E0%A4%9A%E0%A4%A8%E0%A5%8D%E0%A4%A6%E0%A5%8D%E0%A4%B0_%E0%A4%AE%E0%A4%B9%E0%A4%B2%E0%A4%A8%E0%A5%8B%E0%A4%AC%E0%A4%BF%E0%A4%B8%E0%A5%8D.png,CC BY-SA 4.0,image_537.jpg,"business suit, clasp, cup, hand, jaw, man, photo, smile, suit, tie, wear"
5865687714276912787_0,"('Bengali', 'India')",ছবিতে দেখানো বাদ্যযন্ত্রটি কী?,What is the musical instrument shown in the image?,['সেতার' 'তবলা' 'ঢাক' 'ঢোল'],['Sitar' 'Tabla' 'Dhak' 'Dhol'],-1,Traditions / art / history,External,https://upload.wikimedia.org/wikipedia/commons/thumb/e/e4/Prop._Tabla.jpg/640px-Prop._Tabla.jpg,CC BY-SA 3.0,image_545.jpg,"drum, eye, instrument, tool"
5865910664277319101_0,"('Chinese', 'China')",图中物体的用途是什么？,What is the usage of the object in this picture?,['刨木头' '织布' '刨冰' '制作陶瓷'],['Planing wood' 'Weaving' 'Ice shaving' 'Making ceramics'],-1,Objects / materials / clothing,Self,Self-research_only,CC BY-NC,image_549.jpg,"equipment, floor, green, machine, sewing machine, shop window, spin, tool, wheel"
5865687714276912787_1,"('Bengali', 'India')",ছবিতে কোন ধরনের বাদ্যযন্ত্র দেখানো হয়েছে?,What type of musical instrument is shown in the image?,['ঝিল্লি যন্ত্র' 'বায়ু যন্ত্র' 'বৈদ্যুতিক যন্ত্র' 'তার যন্ত্র'],"['Membrane Instrument' 'Wind Instrument' 'Electric Instrument'
 'String Instrument']",-1,Traditions / art / history,External,https://upload.wikimedia.org/wikipedia/commons/thumb/e/e4/Prop._Tabla.jpg/640px-Prop._Tabla.jpg,CC BY-SA 3.0,image_569.jpg,"drum, eye, instrument, tool"
5865925804279486860_2,"('Romanian', 'Romania')",Ce clădire e in imagine?,What building is shown in the image?,['Palatul Babos' 'Biblioteca Centrală' 'Hotelul Central' 'Castelul Bánffy'],['Babos Palace' 'Central Library' 'Central Hotel' 'Bánffy Castle'],-1,Geography / buildings / landmarks,Self,Self-open,CC BY-SA,image_570.jpg,"building, car, city street, cross, drive, person, intersection, man, red, road, spire, street corner, street scene, walk"
5865925804278044600_1,"('Romanian', 'Romania')",Cu ce ocazie se fac obiectele din imagine?,On what occasion are the objects in the picture made?,['Crăciun' 'Paște' 'Ziua Națională' 'Marea Unire'],['Christmas' 'Easter' 'National day' 'Great Union'],-1,Traditions / art / history,Self,Self-open,CC BY-SA,image_573.jpg,"case, pottery, collection, container, decorate, display, draw, fill, showcase"
5920593844273553189_2,"('Tamil', 'India')",சித்தரிக்கப்பட்டுள்ள நினைவுச்சின்னம் எந்த இந்திய நகரத்தில் அமைந்துள்ளது?,In which Indian city is the monument depicted in the image located?,['கர்னூல்' 'குண்டூர்' 'ஹைதெராபாத்' 'கடப்பா'],['Kurnool' 'Guntur' 'Hyderabad' 'Kadapa'],-1,Geography / buildings / landmarks,Self,Self-open,CC BY-SA,image_576.jpg,"amusement park, wall, building, city, city wall, fort, tower, statue"
5865910674273458190_0,"('Chinese', 'China')",这是什么服装？,What kind of costume is this?,['裙子' '旗袍' '和服' '吉袍'],['Skirt' 'Cheongsam' 'Kimono' 'Auspicious robe'],-1,Objects / materials / clothing,External,https://www.flickr.com/photos/brian0812/8588699887/in/photolist-e5Xkfx-oLhFf9-e5XkTt-e642vU-e63Zwq-6NAuwh-WoZeDj-e5XmfP-e5Xqie-oLh3Z4-Qu1Jwq-p3voKX-e641qU-p1JWLm-p3JQT3-e6429Q-e5Xkov-e63YY3-oLhfWG-Qu1Mhf-e5Xq7e-oLhHgd-e5XkBX-Qu1T6E-e5Xk2K-8sJVQi-RGUKfh-e6448h-RLv7Na-RGUWVG-e643of-e5Xpo8-e641xG-e5XmTT-e5Xn6e-e63Yp1-e5Xjk6-e5XjLR-e5Xn1v-oLgPKP-p3vn3P-e5Xq2H-e5XoM6-Rc11kG-e5XpQZ-Qu1mds-e63ZFU-e643Dd-RwY3LE-e643xb,Attribution-NonCommercial-NoDerivs License,image_587.jpg,"building, catch, pillar, dress, girl, instrument, red, stand, sunshade, umbrella, violin, wear, woman"
5865910674277111099_0,"('Chinese', 'China')",图上是什么标志性建筑物？,What landmark building is on the picture?,['白金汉宫' '莱尼姆宫' '克里姆林宫' '布达拉宫'],['Buckingham Palace' 'Lenim Palace' 'Kremlin' 'Potala Palace'],-1,Geography / buildings / landmarks,External,https://www.flickr.com/photos/hagleitn/7284565422/in/photolist-c6Hivy-wKj9XX-wKy3fp-4Zd5iE-P7zQ7z-vN2G7s-3c59wm-vMY7nZ-2kfowb-DjLuo-nHeLGi-np4CKk-7g9jz4-bXTAxA-8vDPKb-aLaaPB-2kfowC-8JMsgS-2894cz4-6LohUc-2EQRDn-aGTqTc-aGTM7v-8vDQ4U-dykpVi-dq3QcZ-dq3R5R-aGTLDi-8GzpaS-a6dUnC-93Akq6-8Gwemx-aGTL3p-8uRwHD-8vDR7G-8Gze9N-8jg4GH-dpZDVR-pNRRA-22jQ75Q-2ksWGDb-N7LJ8Y-MEiwd-2c7fUP-2jnMdSS-Fqkrr-dkd1C-2drW34f-25dAoFF-24khftE,Attribution-NonCommercial License,image_596.jpg,"monastery, building, city, fort, palace, sky, temple, worship"
5879901208654727252_2,"('Bengali', 'India')",হিন্দুস্তানি শাস্ত্রীয় সঙ্গীতের কোন ঘরানায় এই ব্যক্তিত্ব প্রশিক্ষিত?,Which is the gharana of Hindustani classical music that this personality is trained in?,['পাতিয়ালা-কাসুর ঘরানা' 'কিরানা ঘরানা' 'দিল্লি ঘরানা' 'গোয়ালিয়র ঘরানা'],"[' Patiala-Kasur gharana' 'kirana gharana' 'dilli gharana'
 'gwalior gharana']",-1,Public Figure and pop culture,External,https://upload.wikimedia.org/wikipedia/commons/e/e1/Ajoy_Chakrabarty_-_Kolkata_2015-12-4_2128.JPG,GFDL,image_604.jpg,"beard, instrument, man, microphone, stand, wear"
5865910674277649019_0,"('Chinese', 'China')",这是什么服装？,What kind of costume is this?,['旗袍' '朝鲜服' '唐装' '汉服'],['Cheongsam' 'Korean clothing' 'Tangzhuang' 'Hanfu'],-1,Objects / materials / clothing,External,https://www.flickr.com/photos/shannonxia/3435103050/in/photolist-6exNsE-71xe8a-6etaEz-6exKoj-7E7Eei-6exGG5-6ettp6-6etwJF-6eti3g-6exp9N-6eywPd-6etQtV-6faxYL-6f6rae-6ey1Uw-2oWYtHa-naEcnf-naCpFB-naCeqt-naEhuj-naCktP-naCzvX-naChrX-2gjApXH-K2U6eL-KkFJ8M-2jMnXBd-2kfF9BU-2jMnacP-2kfARrv-2kfF9kw-LFLPLH-2kfARMF-2kfAUTq-2kfEEjq-2kfEGvE-JpcyTU-2hdMD6v-2jMmX3d-2hdKWqb-2bjgxg9-2kfF5RT-JSzcJG-2gjAq18-6exnwJ-6exVfA-6exPWy-6etpSD-nroaZ3-nrobyu,Attribution-NonCommercial-NoDerivs License,image_615.jpg,"bamboo forest, doll, dress, path, garment, geisha, girl, green, kimono, pink, robe, stand, traditional, wear, white, woman"
5879865098655328831_0,"('Bengali', 'India')",ছবিতে দেখানো স্থাপত্য ভবন কি?,What is the architectural building shown in the image?,['বেলুর মঠ' 'প্রিন্সেপ ঘাট' 'দক্ষিণেশ্বর মন্দির' 'ভিক্টোরিয়া মেমোরিয়াল'],['Belur Math' 'Princep ghat' 'Dakhineswar Mandir' 'Victoria Memorial'],-1,Geography / buildings / landmarks,External,https://upload.wikimedia.org/wikipedia/commons/0/02/Ramakrishna_Belur_Math%2C_Howrah.jpg,CC BY-SA 3.0,image_617.jpg,"architecture, building, church, dome, mausoleum, palace, stone building, worship"
5865687714278655114_0,"('Bengali', 'India')",ছবিতে দেখানো খাবারটি কি?,What is the food shown in the image?,['কুমড়োর তরকারি' 'এচোড়ের তরকারি' 'আলুর তরকারি' 'ফুলকপির তরকারি'],"['Pumpkin Curry' 'Green Jackfruit Curry' 'Potato Curry'
 'Cauliflower curry']",-1,Cooking and food,Self,Self-open,CC BY-SA,image_631.jpg,"bowl, cube, curry, table, plate, fill, food, meat, potato, stew, tofu, white"
5865910674273582700_2,"('Chinese', 'China')",它与一项现代运动很有渊源，请问是哪个运动？,This sport has a strong connection and relation to a modern sport - what is this model sport?,['篮球' '足球' '高尔夫球' '排球'],['Basketball' 'Football' 'Golf' 'Volleyball'],-1,Sports and recreation,External,https://commons.wikimedia.org/wiki/File:One_Hundred_Children_in_the_Long_Spring.jpg,Public domain,image_642.jpg,"drawing, geisha, person, tree, walk, woman"
5865925794271895454_0,"('Romanian', 'Romania')",În ce oraș este făcută poza?,In which city is the picture taken?,['Constanța' 'București' 'Botoșani' 'Vaslui'],['Constanta' 'Bucharest' 'Botosani' 'Vaslui'],-1,Geography / buildings / landmarks,Self,Self-open,CC BY-SA,image_646.jpg,"blanket, building, gazebo, hay, hut, reed, roof, shelter, straw, tree"
5865925784274942964_1,"('Romanian', 'Romania')",Ce gen a scris personajul din imagine?,What genre did the person in the image write?,['Povești de groază' 'Poezie' 'Povești pentru copii' 'Romane'],['Horror stories' 'Poetry' 'Fairy tales' 'Novels'],-1,Public Figure and pop culture,External,https://upload.wikimedia.org/wikipedia/commons/2/27/Ion_Creanga-Foto03.jpg,Public domain,image_654.jpg,"beard, black, coat, man, photo, portrait, wear, white"
5872177375341924825_1,"('Bengali', 'India')",মাঝখানের প্রতিমা কার সাথে যুক্ত?,Who is the idol in the middle associated with ?,['জগন্নাথ' 'সুভদ্রা' 'নারদ' 'বলরাম'],['Jagannath' 'Subhadra' 'Narad' 'Balaram'],-1,Traditions / art / history,External,https://upload.wikimedia.org/wikipedia/commons/d/d4/Rath_Yatra_in_Munich_2020%2C_the_siblings_Balarama%2C_Subhadra_and_Lord_Jagannath_20200725_160916.jpg,CC BY-SA 4.0,image_657.jpg,"celebration, ceremony, decorate, deity, display, face, festival, mask, temple, worship"
5865910674271950573_1,"('Chinese', 'China')",这座著名的园林有什么美誉？,What is the reputation of this famous garden?,['万园之园' '东南名园之冠' '苏州园林甲江南' '皇家园林博物馆'],"['The Garden of Ten Thousand Gardens'
 'The crown of famous gardens in the southeast'
 'Suzhou Gardens Rank First in Jiangnan' 'Royal Garden Museum']",-1,Geography / buildings / landmarks,External,https://www.flickr.com/photos/lj91/5093278292/in/photolist-8L5obY-cbUtcu-cbUtBQ-bUxfcP-FQ79b-cbUtnq-bUxeRr-cbUtDA-cbUtqy-bUxf9p-bUxeGD-cbUtmL-cbUtB5-cbUteq-cbUtrw-cbUtso-bUxeKK-cbUtdQ-cbUtks-cbUtAq-cbUtvS-bUxf7t-cbUtEY-cbUtuw-cbUtFU-bUxeNK-bUxeHM-cbUtGm-cbUtwm-bUxeTT-bUxfot-cbUtgf-bUxf4t-bUxfhk-cbUsYC-bUxeTn-bUxeKk-bUxfiM-cbUt5w-bUxf6B-bUxf2M-cbUths-cbUtxU-bUxeSZ-8ABMAN-8ABMCu-8ABMhE-8AyGGB-8AyGRH-8AyGzB,Attribution-NonCommercial-NoDerivs License,image_666.jpg,"creek, garden, person, lake, park, pond, river, stone, tree, water, waterway"
5865910664276876312_2,"('Chinese', 'China')",这个地区常见的经济形式是什么？,Which is the main economy in this area?,['农业' '建筑业' '制造业' '畜牧业'],['Agriculture' 'Construction industry' 'Manufacturing' 'Animal husbandry'],-1,Geography / buildings / landmarks,Self,Self-research_only,CC BY-NC,image_671.jpg,"creek, flow, grassland, grassy, green, hill, hillside, landscape, lush, mountain, plain, river, stream, tributary, valley, water, waterway"
5865687724276894397_1,"('Bengali', 'India')",এখানে কি খেলা হচ্ছে?,What game is being played here?,['বাস্কেটবল' 'কাবাডি' 'ফুটবল' 'ক্রিকেট'],['Basketball' 'Kabaddi' 'Football' 'Cricket'],-1,Sports and recreation,Self,Self-open,CC BY-SA,image_672.jpg,"child, field, football, football match, football field, football game, game, person, play, stand"
5865910684271872101_0,"('Chinese', 'China')",图片中间是什么乐器？,What musical instrument is in the middle of the picture?,['钢琴' '古筝' '风琴' '琵琶'],['Piano' 'Guzheng' 'Organ' 'Pipa'],-1,Traditions / art / history,External,https://www.flickr.com/photos/tianyake/4539186469/in/photolist-h86RnH-XtDmm7-jmiVWe-jjCScn-8n5DyK-jjBo4c-jjDecu-jmkwh4-8n8Lo5-7V7vZF-7EpkV3-7EpkRw-8muGZS-7Ekum6-7EkugV,Attribution-NonCommercial-NoDerivs License,image_675.jpg,"billiard table, pillar, table, display, floor, mouth organ, instrument, room, stool"
5865910664272956357_1,"('Chinese', 'China')",这件兵器现藏于哪个博物馆？,Which museum is this weapon now in?,['浙江省博物馆' '故宫博物院' '湖北省博物馆' '南京博物馆'],"['Zhejiang Provincial Museum' 'National Palace Museum'
 'Hubei Provincial Museum' 'Nanjing Museum']",-1,Traditions / art / history,External,https://www.flickr.com/photos/liangjinjian/44216056712/in/photolist-2andRco,Attribution-NonCommercial-NoDerivs License,image_706.jpg,"artifact, blade, dagger, display, handle, knife, machete, showcase, sword, tool, weapon, writing"
5865687704275934135_0,"('Bengali', 'India')",ছবিতে চিত্রিত ব্যক্তিটি কে?,Who is the person depicted in the image?,['স্বামী বিবেকানন্দ' 'বাবা লোকনাথ' 'রবীন্দ্রনাথ ঠাকুর' 'রামকৃষ্ণ পরমহংস'],"['Swami Vivekananda' 'Baba Loknath' 'Rabindranath Tagore'
 'Ramkrishna Paramhansa']",-1,Public Figure and pop culture,Self,Self-open,CC BY-SA,image_713.jpg,"ceiling, decorate, flower, wreath, hang, person, man, picture, poppy, portrait, poster, red, woman"
5865925794276659610_0,"('Romanian', 'Romania')",In ce fel de clădire este făcută poza?,In what kind of building is this picture taken?,"['într-un restaurant modern' 'într-un restaurant rustic'
 'într-o casă bătrânească' 'într-un muzeu']","['in a modern restaurant' 'in a rustic restaurant' 'in an old house'
 'in a museum']",-1,People and everyday life,Self,Self-open,CC BY-SA,image_718.jpg,"bed, bedcover, bedroom, bedding, blanket, canopy, carpet, curtain, pad, floor, pillow, quilt, red, room, stool, stove"
5865925804277969555_2,"('Romanian', 'Romania')",Din ce material sunt făcute hainele din imagine?,What material are the clothes in the picture made of?,['lână' 'in' 'dantelă' 'bumbac'],['wool' 'linen' 'lace' 'cotton'],-1,Objects / materials / clothing,Self,Self-open,CC BY-SA,image_723.jpg,"basket, bed, bedcover, bedroom, blanket, carpet, curtain, doll, floor, pillow, room, tapestry, textile, tool, toy, window"
5865910664277274397_1,"('Chinese', 'China')",这个山有什么美誉？,What is the reputation of this mountain?,['五岳独尊' '道观之祖' '海天佛国' '秀甲天下'],"['Wuyue Duzun' 'The ancestor of Taoism' 'Haitian Buddhist Kingdom'
 'Xiu Jia Tian Xia']",-1,Geography / buildings / landmarks,External,https://www.flickr.com/photos/aaronhuo/3501576856/in/photolist-6kquNL-7uEesJ-7uEepw-7uEeay-7uEeh3-7uEekj-26CcGeN-25jr7hF-25jreE6-26CcDK9-25jr7PT-JyokvQ-25jraGB-H324TB-H323WX-23Wb4fU-26CcFNs-25jr6Mc-25jrfrM-25jrbmn-H3256F-26CcCYE-JJzqoN-uE84gg-8Ca4G6-YctuZN-2ouZkqz-7uAmWR-7uAmKz-uE8Ybe-7uEbgJ-uDZ9Bo-uDZWZ3-uEbjRZ-uEbSZr-vjAdaT-vjuWTw-vB4s9F-vBqsqM-vB61Kk-sAuuJr-2ouX36B-6UWBZW-bUxKVc-bUxP7c-cbV1BY-bUxPmT-7LUDeD-a7xChg-LFS1X,Attribution-ShareAlike License,image_729.jpg,"boulder, mark, stone, rock face, rock formation, write, writing"
5865910674272852596_0,"('Chinese', 'China')",这是什么传统艺术？,What kind of traditional art is this?,['木偶' '雕刻' '彩绘' '泥塑'],['Puppet' 'Sculpture' 'Color Painting' 'Clay sculpture'],-1,Traditions / art / history,External,https://www.flickr.com/photos/aaok/21998585769/in/photolist-81LRES-b4RBxF-b4RAPx-b4RzDx-8NjWwF-dS66WK-dS66Yx-dSbG7U-spXh4y-dSbPAo-dSbPz9-zpiV5E-dS66XM-2aCVe1X-2c2uDCn-2c2uFLk-2aCVad6-awVKH7-2c2uJqZ-2aCVbzK-2aCVgSD-PTBQ9w-2bXjRq5-29gdVP1-ecZgT4-zzHg4V-zJPeaN-26gztWL-27iexDU-zvRFQJ-zvWv8x-A2r3te-s8V4RP-PTBMaf-saF2n9-ss5Cd1-saN5jg-dSbPzL-2mQPDHR-2kTk6uR-5PeNKb-8pv4jU,Attribution-NonCommercial-NoDerivs License,image_737.jpg,"bust, clay, face, head, person, man, sculpture"
5865910684273469261_0,"('Chinese', 'China')",这是什么特色美食？,What kind of special food is this?,['驴肉火烧' '肉夹馍' '油饼' '锅饼'],['Donkey meat grilled' 'Roujiamo' 'Fried cake' 'Pot cake'],-1,Cooking and food,External,https://www.flickr.com/photos/liangjinjian/3166079221/in/photolist-5PLZ3M-gVWUEN-jKxrPf-65VS2P-e5esF3-HkXo7-65VREt-uFHoV-6617TS-niPvsM-cq5ixJ-csoRUS-HkXq7-9t7XX9-fyPZiX-7poRFy-miGa4K-uFHoR-uFHoT-ge2f3f-Hm22k-ftAsQv-uFHoU-Ms1fZJ-6bL7p4-66G4y8-knCXhg-djQZ3j-83iMax-oRQevh-uFHoQ-7ryVW9-bvk4h8-8xdgVV-8oss8k-68LoQp-jjA7dN-73QKbc-9BKNok-9BKN9Z-azBxXe-68QCDQ-68Lqg2-68LpZM-68Lq6p-7rAtHE-nq8TBa-LLREYN-83ivNS-kmbV3A,Attribution-NonCommercial-NoDerivs License,image_742.jpg,"basket, beef, burrito, cheese, plate, food, meat, onion, platter, sandwich, tortilla, tray"
5865910684279515981_0,"('Chinese', 'China')",这是什么名胜风景？,What kind of scenic spot is this?,['黄山迎客松' '渭南苍龙岭' '黄山黑虎松' '九寨沟森林'],"['Huangshan Welcoming Pine' 'Weinan Canglong Ridge'
 'Huangshan Black Tiger Pine' 'Jiuzhaigou Forest']",-1,Plants and animal,External,https://www.flickr.com/photos/didacat/3833309047/in/photolist-6QJHei-6QJFvX-ek1vp-dKRoNZ-8Dmdzd-7conhd-pnz9iu-7FnnZZ,Attribution-NoDerivs License,image_757.jpg,"boulder, fog, foggy, pine, stone, rock face, rock formation, sky, stand, tree"
5865925794277653668_2,"('Romanian', 'Romania')",Care este originea mâncării din imagine?,What is the origin of the food in the image?,['Ungurească' 'Românească' 'Germană' 'Indiană'],['Hungarian' 'Romanian' 'German' 'Indian'],-1,Cooking and food,Self,Self-open,CC BY-SA,image_759.jpg,"bite, catch, cheese, condiment, croissant, hand, food, person, napkin, paper towel, pastry"
5920593834273684568_0,"('Tamil', 'India')",இது எந்த வகையான ரயில் வண்டி?,What kind of train is this?,"['சரக்கு ரயில் வண்டி' 'எண்ணெய் டேங்கர் ரயில்' 'பயணிகள் ரயில் வண்டி'
 'தபால் ரயில் வண்டி']",['Goods train' 'Oil tanker train' 'Passenger train' 'Postal train'],-1,Vehicles and Transportation,External,https://commons.wikimedia.org/wiki/File:Oil_carrying_Rail_wagon.jpg,CC BY-SA 3.0,image_769.jpg,"green, hill, hillside, power line, tower, railroad, rock formation, tank, track, train, train car, train track, travel"
5865910664274830016_1,"('Chinese', 'China')",这种吃法最为流行于中国的哪个地区？,In which region of China is this way of eating most popular?,['上海' '北京' '南京' '广州'],['Shanghai' 'Beijing' 'Nanjing' 'Guangzhou'],-1,Cooking and food,Self,Self-research_only,CC BY-NC,image_770.jpg,"bowl, cashew, condiment, container, table, plate, food, ingredient, kitchenware, meat, nut, peanut, platter, pork, pot, sauce, tray"
5865687704279828011_2,"('Bengali', 'India')",ছবিতে দেখানো বস্তুর সবচেয়ে ভালো ব্যবহার কি হতে পারে?,What can be one of the best uses of the object shown in the image?,"['সিনেমা দেখতে' 'নিজেকে ঠান্ডা করতে' 'বন্ধুদের সাথে দেখা করতে'
 'খাবার খেতে']",['to watch movies' 'to cool oneself' 'to visit friends' 'to eat food'],-1,Objects / materials / clothing,Self,Self-research_only,CC BY-NC,image_776.jpg,"cloth, fan, pink, sunshade, umbrella"
5865687714278226255_0,"('Bengali', 'India')",ছবিতে দেখানো খাবারটি কি?,What is the food shown in the image?,['চপ' 'পেঁয়াজি' 'বেগুনী' 'লুচি'],['Potato Croquet' 'Onion Croquets' 'Aubergine Croquet' 'Puri'],-1,Cooking and food,Self,Self-open,CC BY-SA,image_811.jpg,"table, plate, fill, food, fork, pastry, peak, platter, potato, white"
5920593844277494714_2,"('Tamil', 'India')",இந்த கோவில் பொதுவாக என்ன அழைக்கப்படுகிறது?,What is this temple commonly called as?,"['பிருந்தாவனத்தின் தாமரை கோவில்' 'மதுரையின் நகை'
 'வரணாசியின் தங்கக் கோவில்' 'தஞ்சாவூர் பெரிய கோவில்']","['Vrindavan Lotus temple' ""Madurai's Jewel"" 'Varanasi Golden Temple'
 'Thanjavur Big Temple']",-1,Traditions / art / history,Self,Self-open,CC BY-SA,image_813.jpg,"building, festival, person, light, illuminate, lotus, night, night view, purple, worship"
5920593834279021074_0,"('Tamil', 'India')",இங்கு சித்தரிக்கப்பட்டுள்ள கார் இந்தியாவில் தயாரிக்கப்பட்ட பிரபலமான ஒரு கார் மாடல். இது பொதுவாக என்ன அழைக்கப்படுகிறது? ,The car pictured here is a popular car model made in India. What is it commonly called?,['மாருதி' 'புஷ்பக்' 'அம்பாசிடர்' 'டாடா நெக்ஸான்'],['Maruti' 'Pushpak' 'Ambassador' 'Tata Nexon'],-1,Vehicles and Transportation,External,https://commons.wikimedia.org/wiki/File:Ambassador_Taxis_Lined_Up_at_Tiruchirappalli_Junction_-_India.JPG,CC BY-SA 3.0,image_837.jpg,"car, curb, fleet, license plate, line, park, row, white"
5865910674271072923_1,"('Chinese', 'China')",这种动物最爱吃的食物是什么？,What is this animal's favorite food?,['竹子' '树叶' '肉类' '芭蕉叶'],['Bamboo' 'Leaves' 'Meat' 'Banana leaves'],-1,Plants and animal,External,https://www.flickr.com/photos/ahenobarbus/7893953132/in/photolist-d2yzfd-vyg6Zd-atBtgt-vyg71q-atBuin-atE8d1-atBu46-2hwJJ8K-atE9P3-atE7YU-atBsx2-atBwaF-atBvzi-atBrVk-atBxmR-atEcPU-atBveM-atBtJc-atE9um-2nk2tdP-a7UYPf-AK33bZ-CGQ2Z1-CGWRrc-atE9H5-DtVY65-BRCH29-Dw5j3a-NS6zBm-DddNHh-Am8wTv-2njUWnR-QdoHn2-2nk3Mdv-akTbNo-QdnhY4-BLvivk-v5eCy-2njUWtN-MdJWsK-Nbt3Yi-MdJWNz-Nbt4cK-v5evP-DddXZo-CGPX37-DEkzBH-BiZHUm-Dw5e1X-2nk1mqX,Attribution-NonCommercial-ShareAlike License,image_842.jpg,"bamboo, enclosure, floor, grass, lay, panda, relax, sit, tree, zoo"
5865910674272393747_1,"('Chinese', 'China')",这座建筑是哪个地方的标志性建筑物？,Which place is this building a landmark?,['重庆' '天津' '上海' '北京'],['Chongqing' 'Tianjin' 'Shanghai' 'Beijing'],-1,Geography / buildings / landmarks,External,https://www.flickr.com/photos/justaslice/25475064228/in/photolist-DSBz72-JoBATt-EP9n4j,Attribution-NonCommercial-NoDerivs License,image_850.jpg,"building, city, city skyline, city view, tower, sky, skyline, tree"
5865925784271119363_2,"('Romanian', 'Romania')",Ce a fost acolo unde este gaura în acest steag?,What was in the place of the hole in this flag?,['O gaură mai mică' 'Material roșu' 'Material galben' 'Stema'],['A smaller hole' 'Red fabric' 'Yellow fabric' 'Emblem'],-1,Objects / materials / clothing,External,https://upload.wikimedia.org/wikipedia/commons/4/4f/Memorialul_Revolutiei_din_1989%2C_Timisoara_%282023%29_-_img_03.jpg,CC BY-SA 4.0,image_859.jpg,"canopy, ceiling, curtain, flag, hang, pole, room, stool, string"
5865910674272283651_0,"('Chinese', 'China')",这是什么品牌鞋子？,What brand of shoes are these?,['耐克' '阿迪达斯' '乔丹' '李宁'],['Nike' 'Adidas' 'Jordan' 'Li Ning'],-1,Brands / products / companies,External,https://www.flickr.com/photos/ye-wa/6475934545/in/photolist-aSfRBk-aSfREt-aSfRxB-aSfRQk-aSfRjV-aSfRYk-aSfRHT-aSfRVt-9Peg5i-5w8EdN-5w8EdS-5w8Ee1-5w8EdY-9berXL-5w8EdL-9berTG-9berRy-9bbjxn-9PefAH-aSfRui-aSfR7g-aSfR4z-aSfRbT-aSfRgX-aSfR9X-aSfR36-aSfRiR-aSfS2F-aSfSgk-aSfSaX-aSfR62-87wjT6-9bbiDM-84yti1-aSfRfF-9berV7-87wk8k-9bbjjx-87wjZZ-84yBhf-87wjUi-87zwmm-9bbjm8-87zwC3-84yvwm-87zwFN-9bbiPT-9bbjaH-9bbiS4-84vwUk,Attribution License,image_864.jpg,"pink, running shoe, shoe, white"
5879880118654965923_0,"('Bengali', 'India')",ছবিতে দেখানো ব্যক্তিত্ব কে?,Who is the personality shown in the image ?,"['স্বামী বিবেকানন্দ' 'রাজা রাম মোহন রায়' 'ঈশ্বরচন্দ্র বিদ্যাসাগর'
 'অতুল প্রসাদ সেন']","['swami vivekananda' 'raja ram mohan roy' 'Ishwar Chandra Vidyasagar'
 'atul prasad sen']",-1,Public Figure and pop culture,External,https://upload.wikimedia.org/wikipedia/commons/8/8d/Ishwar_Chandra_Vidyasagar.jpg,Public domain,image_870.jpg,"armchair, black, blanket, cape, chair, cloth, goggles, man, pant, photo, poncho, pose, robe, shawl, sit, stool, wear, white"
5865910674273371038_1,"('Chinese', 'China')",这是哪一种中国传统艺术形式？,Which traditional Chinese art is this on the poster?,['武术' '豫剧' '京剧' '太极拳'],['Kung-Fu' 'Henan Opera' 'Beijing Opera' 'Taichi'],-1,Public Figure and pop culture,External,https://www.flickr.com/photos/jingdianmeinv1/3929561443/in/photolist-6aWsZv-4BMkeU-4BMsFf-4BMmK3-2iw6Z2Y-4BH7Cc-4BMQxE-4BGUck-4BMHew-4BMDLj-g3c5Pu-4BGVMX-4BHtei-4BMKyh-4BHwaV-4BHc5v-4BMBaY-4BMgzj-4BMyHq-4BMTPN-4BMTs9-4BHuEz-4BMjbQ-6Zf2Hn-6Zf2Gt-4BGR8Z-4BMRUw-4BH93v-4BHrpx-4BHhJ4-4BMx6f-4BMChQ-uinqi-4BH6nZ-4BGXcv-cGoFCs-sDRrP-cGoH3N-cGoJsy-cGoGuy-cGoGLS-cGoJaW-cGoHTE,Attribution-NonCommercial-ShareAlike License,image_872.jpg,"geisha, headdress, person, movie poster, poster, veil, wear, white, woman, writing"
5865910664277484903_0,"('Chinese', 'China')",这是什么名胜古迹？,What place of interest is this?,['五台山' '峨眉山' '九华山' '普陀山'],['Mount Wutai' 'Emeishan' 'Mountain Jiuhua' 'Putuo Mountain'],-1,Geography / buildings / landmarks,External,https://www.flickr.com/photos/shizhao/9754340826/in/photolist-8nZ2Lz-8o2jrJ-5ygraZ-2nCd95H-8o2hD5-47uTfv-47wHZb-47xFYf-fRXxG7-47xFYA-47uTfz-pHcg2u-2nC5XtN-fRWzdk-fRXuJU-47uTfi-47uTfr-47xFYo-47xFY7-fRWvL1-47uTf8-47xFYu-47xFYy-8o2m3y-8FfZbh-pH9YSv-6u9UZG-6u9SKq-8FcP2e-8FfWYj-8EJgRV-8nY1pn-8o2eCs-8o15bm-8nWXYg-8nYeqi-6u9XoG-8nYnK6-8nYP3M-pHcfJA-p3NeWy-pH9YY2-f2xeKr-8FfYMJ-f2MufE-8nYG4r-3PwgMb-8nYKAe-f2xent-f2Mu6m,Attribution-NonCommercial-ShareAlike License,image_889.jpg,"author, buddha, building, deity, footstall, gold, person, peak, sculpture, sky, stand, statue"
5865687714274603158_0,"('Bengali', 'India')",এই ছবিতে কোন উৎসব দেখানো হয়েছে?,Which festival is shown in this image?,['দুর্গাপূজা' 'হোলি' 'কালী পূজা' 'গণেশ পূজা'],['Durga Puja' 'Holi' 'Kali Puja' 'Ganesh Puja'],-1,Traditions / art / history,Self,Self-open,CC BY-SA,image_893.jpg,"backdrop, ceiling, chair, chandelier, curtain, decorate, event, person, party, room, wall lamp, stand, stool"
5865910684276079144_0,"('Chinese', 'China')",这是什么运动？,What kind of sport is this?,['排球' '曲棍球' '网球' '乒乓球'],['Volleyball' 'Hockey' 'Tennis' 'Pingpong'],-1,Sports and recreation,External,https://www.flickr.com/photos/enixii/5782024988/in/photolist-9NWoA1-frUrAv-8dzPFM-4vSwbv-4vWD2b-4wnd7L-4wi4qr-4wncUL-4wi4kk-4wi4Bv-4wncPE-4wzjL9-4wnd2j-juuvM-4wzjxW-4wndc7-4xrnVW-4wnd9S-4xxdjx-ckSvY7-eLPpfE-5y1fjH-nH1dD5-nqGPJV-4w9r21-4wva5D-4wi4bZ-4xxcgp-4wzjvo-4w5iHP-4xBoBy-4wTRWd-4xxcDk-4xnbqn-6Ndkc5-4vWD8N-4xBoiw-4wPHSr-4xBovh-4xnbav-4xBoZ1-6N96wc-4xrnFj-4wPHHH-4xrnK9-4vSvUp-4wKyK7-6Ak9jp-5ewCg6-6NdmRY,Attribution-NonCommercial License,image_932.jpg,"basket, bin, container, crate, drawer, fill, fruit, orange, plastic, tray, utensil"
5865925794275420071_2,"('Romanian', 'Romania')",În ce piața este clădirea din centrul imaginii?,In which square is the building in the center of the picture?,['Piața Mihai Viteazu' 'Piața Centrală' 'Piața Romană' 'Piața Unirii'],['Mihai Viteazu Square' 'Central Square' 'Roman Square' 'Unirii Square'],-1,Geography / buildings / landmarks,Self,Self-open,CC BY-SA,image_937.jpg,"building, car, church, city, city street, cloudy, gothic, intersection, tower, road, sky, spire, traffic light, street corner, street scene"
5865687724277949693_0,"('Bengali', 'India')",এই খাবারের নাম কি?,What is this food called?,['সিখ কাবাব' 'পিঠে' 'কুলফি' 'রসগুল্লা'],['Seekh Kebab' 'Bengali Sweet Dumpling' 'Kulfi' 'Rasgulla'],-1,Cooking and food,Self,Self-open,CC BY-SA,image_943.jpg,"banana, blanket, cream, chocolate, crape, plate, food, fork, person, icecream, lollipop, pastry, stick, white"
5865910664271717886_1,"('Chinese', 'China')",这种乐器起源于哪个朝代？,In which dynasty did this instrument originate?,['唐朝' '清朝' '明朝' '宋朝'],['Tang Dynasty' 'Qing Dynasty' 'Ming Dynasty' 'Song'],-1,Traditions / art / history,External,https://www.flickr.com/photos/sanbeiji/395150627/in/photolist-AVfvR-AVeUt-AVfbn-5amBc5-4ShtiV-cBp8e9-d7k8PY-fkxk1W-oASLyx-5oZyWF-ckC3L-cXNumj-AVeBv-RnNqTD-kMxQi-8t59j6-dwsVR3-wM52C5-DUMBAg-xJ5RC4-zrm7L-xJGX2p-CXoPy8-xrtuLU-6tNCaj-xJ61Ja-xHeUXq-54C8u7-pYfDWZ-54y2zz-5amCbb-54CiAf-pFV6AA-5ahnyx-54C6iA-pYfQjn-54CdXG-4Y9SZE-5SY59E-eqJWg-RPLJQn-QxibL9-CDrvKi-21cJWjm-CDrtJV-Eabkad-EabpUJ-9b467f-HmifG2-21cJZKu,Attribution-NonCommercial-ShareAlike License,image_944.jpg,"armchair, chair, couch, mouth organ, instrument, man, music, play, sit, stool, string, violin"
5865687704279828011_0,"('Bengali', 'India')",ছবিতে দেখানো বস্তুটি কী?,What is the object shown in the image?,['কুলো' 'হাত পাখা' 'ছাঁকনি' 'খুন্তি'],[' winnowing fan' 'Handfan' 'Sieve' 'Spud'],-1,Objects / materials / clothing,Self,Self-research_only,CC BY-NC,image_961.jpg,"cloth, fan, pink, sunshade, umbrella"
5865925794275420071_1,"('Romanian', 'Romania')",În ce oraș este făcută poza?,In which city is the picture taken?,['Sibiu' 'Iași' 'București' 'Cluj-Napoca'],['Sibiu' 'Iasi' 'București' 'Cluj-Napoca'],-1,Geography / buildings / landmarks,Self,Self-open,CC BY-SA,image_978.jpg,"building, car, church, city, city street, cloudy, gothic, intersection, tower, road, sky, spire, traffic light, street corner, street scene"
5865925804271112509_0,"('Romanian', 'Romania')",Ce este in coșul din imagine?,What is in the basket in the image?,['roșii' 'conuri de brad vopsite' 'ouă vopsite' 'legume'],['tomatoes' 'painted pine cones' 'painted eggs' 'vegetables'],-1,Traditions / art / history,Self,Self-open,CC BY-SA,image_983.jpg,"basket, draw, dye, easter, easter egg, egg, fill, nest, toy"
5865910684276112636_0,"('Chinese', 'China')",这是什么艺术？,Is this what you want?,['玩偶' '雕刻' '蜡像' '泥塑'],['Doll' 'Carving' 'Wax figure' 'Mud plastic'],-1,Traditions / art / history,External,https://www.flickr.com/photos/aaok/8443101631/in/photolist-b4RBxF-b4RAPx-b4RzDx-8NjWwF-dS66XM-dS66WK-2aCVe1X-2c2uDCn-2c2uFLk-2aCVad6-spXh4y-2aVEBem-2c2uJqZ-2aCVbzK-2aCVgSD-PTBQ9w-dSbPAo-s8V67e-2bXjRq5-dSbPz9-29gdVP1-ecZgT4-s8V4RP-zpiV5E-awVKH7-PTBMaf-saF2n9-zzHg4V-ss5Cd1-saN5jg-zJPeaN-dSbPzL-26gztWL-2mQPDHR-zvRFQJ-zvWv8x-A2r3te-2kTk6uR-27iexDU-5PeNKb-8pv4jU,Attribution-NonCommercial-NoDerivs License,image_994.jpg,"bust, clay, face, head, person, man, mud, sculpture"
5920593854277241644_0,"('Tamil', 'India')",இந்தக் கோயிலுடன் எந்த மதம் தொடர்புடையது?,Which religion is associated with this temple?,['பௌத்தம்' 'இந்து' 'சீக்கியர்' 'சைனம்'],['Buddhism' 'Hindu' 'Sikh' 'Jain'],-1,People and everyday life,External,https://commons.wikimedia.org/wiki/File:Hamandir_Sahib_(Golden_Temple).jpg,GFDL,image_1004.jpg,"boat, building, gurdwara, person, lake, palace, pilgrim, place, shrine, temple, water, worship"
